Formal Name,Constellation / Asterism,Designation Name,Distance (LY),Luminosity (L_sun),Surface Temp.
"Tania Australis ",Ursa Major,Mu Ursae Majoris,249,,
Tania Borealis,Ursa Major,Lambda Ursae Majoris,134,,
Ta Tsun,Ursa Major,Psi Ursae Majoris,140.25,,
Taiyangshou,Ursa Major,Chi Ursae Majoris,198.25,,
Merak,Ursa Major,Beta Ursae Majoris,84.38,,
"Phecda ",Ursa Major,Gamma Ursae Majoris,83.13,,
"Dubhe ",Ursa Major,Alpha Ursae Majoris,122.88,,
"Megrez ",Ursa Major,Delta Ursae Majoris,81,,
23 Ursae Majoris,Ursa Major,23 Ursae Majoris,77.38,,
$\upsilon$ Ursae Majoris,Ursa Major,Upsilon Ursae Majoris,114.88,,
"Alioth ",Ursa Major,Epsilon Ursae Majoris,82.5,,
"Mizar ",Ursa Major,Zeta Ursae Majoris,81,,
"Alkaid ",Ursa Major,Eta Ursae Majoris,103.88,,
Chara,Canes  Venatici,Beta Canum Ventacorum,27.38,,
"Cor Caroli ",Canes  Venatici,Alpha Canum Ventacorum,114,,
Denebola,Leo,Beta Leonis,35.88,,
"Zosma ",Leo,Delta Leonis,58.38,,
"Chertan ",Leo,Theta Leonis,160.5,,
"Regulus ",Leo,Alpha Leonis,79.25,,
"Algeiba ",Leo,Gamma Leonis,126,,
$\eta$ Leonis,Leo,Eta Leonis,2128,,
"Adhafera ",Leo,Zeta Leonis,260,,
Shaomin,Leo,Rho Leonis,5712.01,,
Praecipua,Leo Minor,46 Leonis Minoris,99,,
36 Leonis Minoris,Leo Minor,36 Leonis Minoris,1184,,
34 Leonis Minoris,Leo Minor,34 Leonis Minoris,510,,
$\beta$ Leonis Minoris,Leo Minor,Beta Leonis Minoris,153.75,,
Alula Borealis,Ursa Major,Nu Ursae Majoris,408.5,,
"Alula Australis ",Ursa Major,Xi Ursae Majoris,,,
$\mu$ Hydrae,Hydra,Mu Hydrae,243.75,,
$\lambda$ Hydrae,Hydra,Lambda Hydrae,108.63,,
$\upsilon^1$ Hydrae,Hydra,Nu Hydrae,248.25,,
"Alphard ",Hydra,Alpha Hydrae,180.25,,
$\theta$ Hydrae,Hydra,Theta Hydrae,120.38,,
Spica,Virgo,Alpha Virginis,249.5,,
"Heze ",Virgo,Zeta Virginis,,,
"Porrima ",Virgo,Gamma Virginis,,,
Auva,Virgo,Delta Virginis,,,
"Vindemiatrix ",Virgo,Epsilon Virginis,,,
"Zaniah ",Virgo,Eta Virginis,,,
$\nu$ Virginis,Virgo,Nu Virginis,,,
"Alogorab ",Corvus,Delta Corvi,,,
"Gienah ",Corvus,Gamma Corvi,,,
Minkar,Corvus,Epsilon Corvi,,,
"Kraz ",Corvus,Beta Corvi,,,
"Arcturus ",Boötes,Alpha Boötis,,,
Izar,Boötes,Epsilon Boötis A,,,
Qigong,Boötes,Delta Boötis,,,
Nekkar,Boötes,Beta Boötis,,,
Seginus,Boötes,Gamma Boötis,,,
Kalasungsang,Boötes,Rho Boötis,,,
"Murphid ",Boötes,Eta Boötis,,,
Zeta Boötis,Boötes,Zeta Boötis,,,
Nu Boötis,Boötes,Nu Boötis,,,
"Deneb ",Cygnus,Alpha Cygni,,,
"Sadr ","Cygnus, Northern Cross",Gamma Cygni,,,
Fawaris,"Cygnus, Northern Cross",Delta Cygni,,,
Aljanah,"Cygnus, Northern Cross",Epsilon Cygni,,,
Albireo,Cygnus,Beta Cygni,,,
"Vega ",Lyra,Alpha Lyrae,,,
"Kochab ",Ursa Minor,Beta Ursae Minoris,,,
Pherkad,Ursa Minor,Gamma Ursae Minoris,,,
Anwar al Farkadain,Ursa Minor,Eta Ursae Minoris,,,
Ahfa al Farkadain,Ursa Minor,Zeta Ursae Minoris,,,
$\varepsilon$ Ursae Minoris,Ursa Minor,Epsilon Ursae Minoris,,,
Yildun,Ursa Minor,Delta Ursae Minoris,,,
"Polaris ",Ursa Minor,Alpha Ursae Minoris,,,
Tarandus,Ursa Minor,2 Ursae Minoris,,,
5 Ursae Minoris,Ursa Minor,5 Ursae Minoris,,,
15 Ursae Minoris,Ursa Minor,15 Ursae Minoris,,,
RR Ursae Minoris,Ursa Minor,RR Ursae Minoris,,,
HR 6126,Ursa Minor,HD 148293,,,
HR 5691,Ursa Minor,HD 136064,,,
Giausar,Draco,Lambda Draconis,,,
$\kappa$ Draconis,Draco,Kappa Draconis,,,
10 Draconis,Draco,10 Draconis,,,
Thuban,Draco,Alpha Draconis,,,
Edasich,Draco,Iota Draconis,,,
$\theta$ Draconis,Draco,Theta Draconis,,,
Athebyne,Draco,Eta Draconis,,,
Aldhibah,Draco,Zeta Draconis,,,
$\omega$ Draconis,Draco,Omega Draconis,,,
$\psi^2$ Draconis,Draco,Psi-2 Draconis,,,
$\chi$ Draconis,Draco,Chi Draconis,,,
$\varphi$ Draconis,Draco,Phi Draconis,,,
$\tau$ Draconis,Draco,Tau Draconis,,,
$\varepsilon$ Draconis,Draco,Epsilon Draconis,,,
"Altais ",Draco,Delta Draconis,,,
Fafnir,Draco,42 Draconis,,,
$\pi $ Draconis,Draco,Pi Draconis,,,
$\rho $ Draconis,Draco,Rho Draconis,,,
$\omicron$ Draconis,Draco,Omicron Draconis,,,
39 Draconis,Draco,39 Draconis,,,
45 Draconis,Draco,45 Draconis,,,
Grumium,Draco,Xi Draconis,,,
Kuma,Draco,Nu Draconis,,,
"Eltanin ",Draco,Gamma Draconis,,,
Alderamin,Cepheus,Alpha Cephei,,,
Alfirk,Cepheus,Beta Cephei,,,
Errai,Cepheus,Gamma Cephei,,,
$\iota$ Cephei,Cepheus,Iota Cephei,,,
$\zeta$ Cephei,Cepheus,Zeta Cephei,,,
$\delta $ Cephei,Cepheus,Delta Cephei,,,
$\varepsilon$ Cephei,Cepheus,Epsilon Cephei,,,
$\pi $ Cephei,Cepheus,Pi Cephei,,,
$\xi$ Cephei,Cepheus,Xi Cephei,,,
31 Cephei,Cepheus,31 Cephei,,,
$\theta$ Cephei,Cepheus,Theta Cephei,,,
$\eta$ Cephei,Cepheus,Eta Cephei,,,
$\nu $ Cephei,Cepheus,Nu Cephei,,,
$\upsilon$ Cephei,Cepheus,HR 7955,,,
Garnet Star,Cepheus,Mu Cephei,,,
Elephant’s Trunk Nebula,Cepheus,IC 1396,,,
33 Cygni,Cygnus,33 Cygni,,,
"Mirach ",Andromeda,Beta Andromedae,197.25,1675,3762
Mu Andromedae,Andromeda,Mu Andromedae,130,40,8320
"Titawin ",Andromeda,Nu Andromedae,44.06,3.1,6614
"Andromeda Galaxy ",Andromeda,Messier 31,2200000,,
Delta Andromedae,Andromeda,Delta Andromedae,105,68,4315
Pi Andromedae,Andromeda,Pi Andromedae,598,1000,15000
Epsilon Andromedae,Andromeda,Epsilon Andromedae,169,51.3,5082
"Alpheratz ",Andromeda,Alpha Andromedae,97,158,11950
78 Pegasi,Pegasus,78 Pegasi,,,
$\psi$ Pegasi,Pegasus,Psi Pegasi,,,
$\varphi$ Pegasi,Pegasus,Phi Pegasi,,,
"Algenib ",Pegasus,Gamma Pegasi,,,
$\upsilon $ Pegasi,Pegasus,Nu Pegasi,,,
Salm,Pegasus,Tau Pegasi,,,
"Markab ",Pegasus,Alpha Pegasi,,,
Scheat,Pegasus,Beta Pegasi,,,
Sadalbari,Pegasus,Mu Pegasi,,,
Ligong,Pegasus,Lambda Pegasi,,,
"Matar ",Pegasus,Eta Pegasi,,,
$\omicron$ Pegasi,Pegasus,Omicron Pegasi,,,
32 Pegasi,Pegasus,32 Pegasi,,,
Jiu,Pegasus,Iota Pegasi,,,
$\pi$ Pegasi,Pegasus,Pi Pegasi,,,
Jih,Pegasus,Kappa Pegasi,,,
16 Pegasi,Pegasus,16 Pegasi,,,
HR 8475,Lacerta,HD 210889,,,
Alsamaka,Lacerta,Beta Lacertae,,,
4 Lacertae,Lacerta,4 Lacertae,,,
5 Lacertae,Lacerta,5 Lacertae,,,
Stellio,Lacerta,Alpha Lacertae,,,
9 Lacertae,Lacerta,9 Lacertae,,,
6 Lacertae,Lacerta,6 Lacertae,,,
1 Lacertae,Lacerta,1 Lacertae,,,
"HR 8485 ",Lacerta,HD 211073,,,
2 Lacertae,Lacerta,2 Lacertae,,,
HR 8489,Lacerta,HD 211211,,,
HR 8475,Lacerta,HD 210889,,,
V418 Lacertae,Lacerta,V418 Lacertae,,,
12 Lacertae,Lacerta,12 Lacertae,,,
Tengshe,Lacerta,V424 Lacertae,,,
EW Lacertae,Lacerta,EW Lacertae,,,
13 Lacertae,Lacerta,13 Lacertae,,,
15 Lacertae,Lacerta,15 Lacertae,,,
3 Andromedae,Andromeda,3 Andromedae,181,49,4668
5 Andromedae,Andromeda,5 Andromedae,112,5.62,6605
Honores,Andromeda,7 Andromedae,80.9,7.8,7380
8 Andromedae,Andromeda,8 Andromedae,570,138.05,3616
Lambda Andromedae,Andromeda,Lambda Andromedae,84.6,28.8,4633
"Kaffalmusalsala ",Andromeda,Kappa Andromedae,168,62.6,10342
Rasalnaqa,Andromeda,Iota Andromedae,510,638,12620
2 Andromedae,Andromeda,2 Andromedae,420,130.5,8950
Alfarasalkamil,Andromeda,Omicron Andromedae,690,5300,14540
"Segin ",Cassiopeia,Epsilon Cassiopeiae,,,
Ruchbah,Cassiopeia,Delta Cassiopeiae,,,
Tiansi,Cassiopeia,Gamma Cassiopeiae,,,
Achird,Cassiopeia,Eta Cassiopeiae,,,
Schedar,Cassiopeia,Alpha Cassiopeiae,,,
"Caph ",Cassiopeia,Beta Cassiopeiae,,,
Pacman Nebula,Cassiopeia,NGC 281,,,
Lambda Cassiopeiae,Cassiopeia,Lambda Cassiopeiae,,,
Fulu,Cassiopeia,Zeta Cassiopeiae,,,
$\varphi$ Cassiopeiae,Cassiopeia,Phi Cassiopeiae,,,
$\omicron$ Cassiopeiae,Cassiopeia,Omicron Cassiopeiae,,,
$\rho$ Cassiopeiae,Cassiopeia,Rho Cassiopeiae,,,
12 Cassiopeiae,Cassiopeia,12 Cassiopeiae,,,
Cexing,Cassiopeia,Kappa Cassiopeiae,,,
32 Cassiopeiae,Cassiopeia,-,,,
43 Cassiopeiae,Cassiopeia,-,,,
Huagai,Cassiopeia,Iota Cassiopeiae,,,
$\omega$ Cassiopeiae,Cassiopeia,Omega Cassiopeiae,,,
48 Cassiopeiae,Cassiopeia,48 Cassiopeiae,,,
42 Cassiopeiae,Cassiopeia,42 Cassiopeiae,,,
50 Cassiopeiae,Cassiopeia,50 Cassiopeiae,,,
Rangifer,Cassiopeia,49 Cassiopeiae,,,
47 Cassiopeiae,Cassiopeia,47 Cassiopeiae,,,
HR 9104,"Cassiopeia, Cepheus",HD 225216,,,
$\psi$ Cephei,"Cassiopeia, Cepheus",HD 223274,,,
Question Mark Nebula,Cepheus,NGC 7822,,,
Alpha Cameloparadalis,Cameloparadalis,Alpha Cameloparadalis,,,
HR 1204,Cameloparadalis,HD 24479,,,
CS Cameloparadalis,Cameloparadalis,HD 21291,,,
BD Cameloparadalis,Cameloparadalis,HD 22649,,,
Custos,Cameloparadalis,HD 23475,,,
Shaowei,Cameloparadalis,Gamma Cameloparadalis,,,
BK Cameloparadalis,Cameloparadalis,HD 20336,,,
CE Cameloparadalis,Cameloparadalis,HD 21389,,,
HR 1205,Cameloparadalis,HD 24480,,,
Shangcheng,Cassiopeia,HD 19275,,,
HR 743,Cassiopeia,HD 15920,,,
Beta Cameloparadalis,Cameloparadalis,Beta Cameloparadalis,,,
Miram,Perseus,Eta Persei,,,
$\gamma$ Persei,Perseus,Gamma Persei,,,
HR 969,Perseus,HD 20123,,,
$\iota$ Persei,Perseus,Iota Persei,,,
"Mirfak ",Perseus,Alpha Persei,,,
"Agol ",Perseus,Beta Persei,,,
Sarvvis,Perseus,Delta Persei,,,
$\sigma $ Persei,Perseus,Sigma Persei,,,
Misam,Perseus,Kappa Persei,,,
"Altair ","Aquila, Summer Triangle",Alpha Aquilae,16.7,,
"Tarazed ",Aquila,Gamma Aquilae,395,,
"Alshain ",Aquila,Beta Aquilae,44.4,,
"Guqi ",Aquila,Delta Aquilae,50.6,,
Pagru,Aquila,Eta Aquilae,890,,
Theta Aquilae,Aquila,Theta Aquilae,,,
Nu Aquilae,Aquila,Nu Aquilae,,,
Al Thalimain Prior,Aquila,Lambda Aquilae,,,
Zeta Aquilae,Aquila,Zeta Aquilae,,,
Arinmajlep,Aquila,Epsilon Aquilae,,,
12 Aquilae,Aquila,Iota Aquilae,,,
"Sualocin ",Delphinus,Alpha Delphini,,,
"Rotanev ",Delphinus,Beta Delphini,,,
$\zeta$ Delphini,Delphinus,Zeta Delphini,,,
Aldulfin,Delphinus,Epsilon Delphini,,,
$\iota$ Delphini,Delphinus,Iota Delphini,,,
$\delta$ Delphini,Delphinus,Delta Delphini,,,
Dhanishta,Delphinus,Gamma Delphini,,,
$\kappa$ Delphini,Delphinus,Kappa Delphini,,,
$\eta$ Sagittae,Sagitta,Eta Sagittae,,,
Telum,Sagitta,Gamma Sagittae,,,
$\zeta$ Sagittae,Sagitta,Zeta Sagittae,,,
Zuoqi,Sagitta,Delta Sagittae,,,
Sham,Sagitta,Alpha Sagittae,,,
Shakh,Sagitta,Beta Sagittae,,,
15 Vulpeculae,Vulpecula,15 Vulpeculae,,,
Anser,Vulpecula,Alpha Vulpeculae,,,
10 Vulpeculae,Vulpecula,10 Vulpeculae,,,
16 Vulpeculae,Vulpecula,16 Vulpeculae,,,
13 Vulpeculae,Vulpecula,13 Vulpeculae,,,
5 Vulpeculae,Vulpecula,5 Vulpeculae,,,
4 Vulpeculae,Vulpecula,4 Vulpeculae,,,
Dumbell Nebula,Vulpecula,Messier 27,,,
"Sulafat ",Lyra,Gamma Lyrae,,,
"Sheliak ",Lyra,Beta Lyrae,,,
$\delta$ Lyrae,Lyra,Delta Lyrae,,,
$\zeta $ Lyrae,Lyra,Zeta Lyrae,,,
$\delta^1$ Lyrae,Lyra,Delta-1 Lyrae,,,
Double Double (Pongaponga),Lyra,Epsilon Lyrae,,,
$\varepsilon^2$ Lyrae,Lyra,Epsilon-2 Lyrae,,,
Ring Nebula,Lyra,Messier 57,,,
$\nu$ Lyrae,Lyra,Nu Lyrae,,,
$\nu^1$ Lyrae,Lyra,Nu-1 Lyrae,,,
"Alphecca ",Corona Borealis,Alpha Coronae Borealis,,,
Nusakan,Corona Borealis,Beta Coronae Borealis,,,
Guansuo,Corona Borealis,Theta Coronae Borealis,,,
Baltesha,Corona Borealis,Gamma Coronae Borealis,,,
Matrichakra,Corona Borealis,Delta Coronae Borealis,,,
$\varepsilon $ Coronae Borealis,Corona Borealis,Epsilon Coronae Borealis,,,
Aurwandilsta,Corona Borealis,Iota Coronae Borealis,,,
$\rho $ Coronae Borealis,Corona Borealis,Rho Coronae Borealis,,,
$\kappa $ Coronae Borealis,Corona Borealis,Kappa Coronae Borealis,,,
Stephanos,Corona Borealis,Pi Coronae Borealis,,,
R Coronae Borealis,Corona Borealis,R Coronae Borealis,,,
"Rasalgethi ",Hercules,Alpha Herculis,,,
"Kornephoros ",Hercules,Beta Herculis,,,
Tianji,Hercules,Zeta Hercules,,,
Khepdeneret,Hercules,Epsilon Herculis,,,
$\delta $ Herculis,Hercules,Delta Herculis,,,
"Maasym ",Hercules,Lambda Herculis,,,
,,,,,
$\mu$ Herculis,Hercules,Mu Herculis,,,
$\xi$ Herculis,Hercules,Xi Herculis,,,
$\omicron $ Herculis,Hercules,Omicron Herculis,,,
$\eta$ Herculis,Hercules,Eta Herculis,,,
,,,,,
Nüchuang,Hercules,Pi  Herculis,,,
68 Herculis,Hercules,68 Herculis,,,
69 Herculis,Hercules,69 Herculis,,,
$\rho$ Herculis,Hercules,Rho Herculis,,,
$\theta$ Herculis,Hercules,Theta Herculis,,,
Tianbang,Hercules,Iota Herculis,,,
$\sigma $ Herculis,Hercules,Sigma Herculis,,,
Asuusiha,Hercules,Tau Herculis,,,
$\varphi$ Herculis,Hercules,Phi Herculis,,,
$\chi$ Herculis,Hercules,Chi Herculis,,,
"Alnasl ",Sagittarius,Gamma-2 Sagittarii,,,
Kaus Media,Sagittarius,Delta Sagittarii,,,
"Kaus Borealis ",Sagittarius,Gamma Sagittarii,,,
Polis,Sagittarius,Mu Sagittarii,,,
"Nantou ",Sagittarius,Phi Sagittarii,,,
"Nunki ",Sagittarius,Sigma Sagittarii,,,
Rabi al Sadira,Sagittarius,Tau Sagittarii,,,
"Ascella ",Sagittarius,Zeta Sagittarii,,,
Jian,Sagittarius,Xi-2 Sagittarii,,,
Alqiladah,Sagittarius,Omicron Sagittarii,,,
43 Sagittarii,Sagittarius,43 Sagittarii,,,
Great Sagittarius Cluster,Sagittarius,Messier 22,,,
$\beta$ Scuti,Scutum,Beta Scuti,,,
$\eta$ Scuti,Scutum,Eta Scuti,,,
"Tugongli ",Pegasus,Xi Pegasi,,,
"Homam ",Pegasus,Zeta Pegasi,,,
Biham,Pegasus,Theta Pegasi,,,
Enif,Pegasus,Epsilon Pegasi,,,
$\theta$ Piscium,"Circlet, Pisces",Theta Piscium,,,
Puwuh Atarung,"Circlet, Pisces",Iota Piscium,,,
$\lambda$ Piscium,"Circlet, Pisces",Lambda Piscium,,,
Pili,Pisces,Omega Piscium,,,
$\sigma$ Piscium,Pisces,Sigma Piscium,,,
$\gamma$ Equulei,Equuleus,Gamma Equulei,,,
Kitalpha,Equuleus,Alpha Equulei,,,
"Sadalmalek ",Aquarius,Alpha Aquarii,,,
"Sadachbia ","Aquarius, Water Jar",Gamma Aquarii,,,
Zeta Aquarii,"Aquarius, Water Jar",Zeta Aquarii,,,
"Fenmu ","Aquarius, Water Jar",Eta Aquarii,,,
"Shatabhisha ",Aquarius,Lambda Aquarii,,,
91 Aquarii,Aquarius,Psi-1 Aquarii,,,
"Ancha ",Aquarius,Theta Aquarii,,,
Sigma Aquarii,Aquarius,Sigma Aquarii,,,
Tau Aquarii,Aquarius,Tau Aquarii,,,
Skat,Aquarius,Delta Aquarii,,,
Iota Aquarii,Aquarius,Iota Aquarii,,,
Sadalsuud,Aquarius,Beta Aquarii,,,
"Albali ",Aquarius,Epsilon Aquarii,,,
"Deneb Algedi ",Capricornus,Delta Capricorni,,,
"Nashira ",Capricornus,Gamma Capricorni,,,
Iota Capricorni,Capricornus,Iota Capricorni,,,
"Udang ",Capricornus,Theta Capricorni,,,
Zeta Capricorni,Capricornus,Zeta Capricorni,,,
$\kappa$ Piscium,"Circlet, Pisces",Kappa Piscium,,,
"Zubenescharmali ",Libra,Beta Librae,,,
"Zubenelgenubi II ",Libra,Alpha Librae,,,
$\varepsilon$ Librae,Libra,Epsilon Librae,,,
37 Librae,Libra,37 Librae,,,
IU Librae,Libra,IU Librae,,,
Zubenelhakrabi,Libra,Gamma Librae,,,
$\theta$ Librae,Libra,Theta Librae,,,
$\eta$ Librae,Libra,Eta Librae,,,
48 Librae,Libra,48 Librae,,,
$\lambda$ Librae,Libra,Lambda Librae,,,
$\kappa $ Librae,Libra,Kappa Librae,,,
$\xi$ Librae,Libra,Xi Librae,,,
"Rasalhague ",Ophiuchus,Alpha Ophiuchi,,,
"Cebalrai ",Ophiuchus,Beta Ophiuchi,,,
"Sabik ",Ophiuchus,Eta Ophiuchi,,,
$\zeta $ Ophiuchi,Ophiuchus,Zeta Ophiuchi,,,
Yed Posterior,Ophiuchus,Epsilon Ophiuchi,,,
"Yed Prior ",Ophiuchus,Delta Ophiuchi,,,
$\kappa$ Ophiuchi,Ophiuchus,Kappa Ophiuchi,,,
$\iota$ Ophiuchi,Ophiuchus,Iota Ophiuchi,,,
$\sigma$ Ophiuchi,Ophiuchus,Sigma Ophiuchi,,,
"Bake-Eo ",Ophiuchus,Gamma Ophiuchi,,,
68 Ophiuchi,Ophiuchus,68 Ophiuchi,,,
67 Ophiuchi,Ophiuchus,67 Ophiuchi,,,
66 Ophiuchi,Ophiuchus,66 Ophiuchi,,,
70 Ophiuchi,Ophiuchus,70 Ophiuchi,,,
71 Ophiuchi,Ophiuchus,71 Ophiuchi,,,
72 Ophiuchi,Ophiuchus,72 Ophiuchi,,,
$\xi$ Ophiuchi,Ophiuchus,Xi Ophiuchi,,,
51 Ophiuchi,Ophiuchus,51 Ophiuchi,,,
44 Ophiuchi,Ophiuchus,44 Ophiuchi,,,
$\theta$ Ophiuchi,Ophiuchus,Theta Ophiuchi,,,
$\omicron $ Ophiuchi,Ophiuchus,Omicron Ophiuchi,,,
Guniibuu,Ophiuchus,36 Ophiuchi,,,
45 Ophiuchi,Ophiuchus,45 Ophiuchi,,,
$\varphi$ Ophiuchi,Ophiuchus,Phi Ophiuchi,,,
$\chi$ Ophiuchi,Ophiuchus,Chi Ophiuchi,,,
$\omega$ Ophiuchi,Ophiuchus,Omega Ophiuchi,,,
$\psi$ Ophiuchi,Ophiuchus,Psi Ophiuchi,,,
Marfix,Ophiuchus,Lambda Ophiuchi,,,
"Antares ",Scorpius,Alpha Scorpii,,,
Antares Cluster,Scorpius,Scorpius-Centaurus Association,,,
"Spider Globular Cluster ",Scorpius,Messier 4,,,
Alniyat,Scorpius,Sigma Scorpii,,,
"Dschubba ",Scorpius,Delta Scorpii,,,
"Acrab ",Scorpius,Beta Scorpii,,,
Fang,Scorpius,Pi Scorpii,,,
2 Scorpii,Scorpius,2 Scorpii,,,
"Paikaulhale ",Scorpius,Tau Scorpii,,,
Jabhat al Akrab,Scorpius,Omega-1 Scorpii,,,
Jabhat al Akrab,Scorpius,Omega-2 Scorpii,,,
$\rho$ Ophiuchi,Ophiuchus,Rho Ophiuchi,,,
$\rho$ Ophiuchi Nebula,Ophiuchus,,,,
Jabbah,Scorpius,Nu Scorpii,,,
"Blue Horsehead Nebula ",Scorpius,IC 4592,,,
HR 6766,Sagittarius,HD 165634,,,
Dhanusaragra,Sagittarius,Gamma-1 Sagittarii,,,
3 Sagittarii,Sagittarius,3 Sagittarii,,,
Tianyue,Sagittarius,4 Sagittarii,,,
Lagoon Nebula,Sagittarius,Messier 8,,,
21 Sagittarii,Sagittarius,21 Sagittarii,,,
M25,Sagittarius,Messier 25,,,
Small Sagittarius Star Cloud,Sagittarius,Messier 24,,,
Swan Nebula,Sagittarius,Messier 17,,,
"Eagle Nebula ",Sagittarius,Messier 16,,,
$\gamma $ Scuti,Scutum,Gamma Scuti,,,
"Tianbian ",Scutum,Alpha Scuti,,,
$\varepsilon $ Scuti,Scutum,Epsilon Scuti,,,
$\delta$ Scuti,Scutum,Delta Scuti,,,
71 Ophiuchi,Ophiuchus,71 Ophiuchi,,,
$\zeta$ Scuti,Scutum,Zeta Scuti,,,
"Wild Duck Cluster ",Scutum,Messier 11,,,
Alya,Serpens Cauda,Theta Serpentis,,,
59 Serpentis,Serpens Cauda,59 Serpentis,,,
60 Serpentis,Serpens Cauda,60 Serpentis,,,
Donghai,Serpens Cauda,Eta Serpentis,,,
$\nu$ Serpentis,Serpens Cauda,Nu Serpentis,,,
$\omicron$ Serpentis,Serpens Cauda,Omicron Serpentis,,,
Nanhai,Serpens Cauda,Xi Serpentis,,,
36 Serpentis,Serpens Caput,36 Serpentis,,,
Tiānrǔ,Serpens Caput,Mu Serpentis,,,
30 Serpentis,Libra,30 Serpentis,,,
Ba,Serpens Caput,Epsilon Serpentis,,,
Unukalhai,Serpens Caput,Alpha Serpentis,,,
"Muning ",Serpens Caput,Gamma Serpentis,,,
16 Serpentis,Serpens Caput,16 Serpentis,,,
$\delta$ Serpentis,Serpens Caput,Delta Serpentis,,,
$\chi$ Serpentis,Serpens Caput,Chi Serpentis,,,
HD 141589,Serpens Caput,HD 141589,,,
$\upsilon $ Serpentis,Serpens Caput,Upsilon Serpentis,,,
39 Serpentis,Serpens Caput,39 Serpentis,,,
"Zhao ",Serpens Caput,Beta Serpentis,,,
$\lambda$ Serpentis,Serpens Caput,Lambda Serpentis,,,
$\gamma$ Herculis,Hercules,Gamma Herculis,,,